evaluations,infer_s,mae,model,n,n_test,n_train,r2,rmse,smape,split,train_s
,0.0007,56.5359,mean_floor,15104,15104,49695,-0.0027,165.2887,48.5744,chronological,0.004
,0.0032,40.1249,linear,15104,15104,49695,0.0672,159.4217,34.6292,chronological,0.04
,0.1739,43.2313,random_forest,15104,15104,49695,-0.4605,199.4826,35.8488,chronological,9.439
,0.0296,34.4395,xgboost,15104,15104,49695,0.2368,144.1994,31.9778,chronological,2.777
,0.0004,56.7114,mean_floor,12864,12864,51935,-0.0018,576.1946,40.6388,vessel,0.002
,0.0023,40.3984,linear,12864,12864,51935,0.0098,572.8588,27.6389,vessel,0.041
,0.178,30.0913,random_forest,12864,12864,51935,0.0195,570.0348,19.4976,vessel,8.964
,0.0226,29.4606,xgboost,12864,12864,51935,0.0216,569.416,18.4784,vessel,3.569
110,,34.2129,qpso_xgboost,15104,15104,49695,0.2683,141.1913,31.6719,chronological,
