dataset_id,local_path,file_format,category,size_mb,rows,columns,sheets,file_hash,audit
Datasets_L01dA_2021_global_csv,Datasets/L01dA_2021_global.csv,csv,tabular,380.52,3240132,11,,skipped_large_380518171,artifacts/schema_audit/Datasets_L01dA_2021_global_csv.json
Datasets_ship_fuel_efficiency_csv,Datasets/ship_fuel_efficiency.csv,csv,tabular,0.12,1440,10,,201098a456d0bed1c4882808cb341d12c5e56e7972e70cf2924c646e8144fc75,artifacts/schema_audit/Datasets_ship_fuel_efficiency_csv.json
Datasets_AIS_ais_transit_count_2018_tif,Datasets/AIS/ais-transit-count-2018.tif,tif,geospatial,433.15,,,,skipped_large_433146300,
Datasets_AIS_ais_transit_count_2019_tif,Datasets/AIS/ais-transit-count-2019.tif,tif,geospatial,437.62,,,,skipped_large_437617910,
Datasets_AIS_ais_transit_count_2020_tif,Datasets/AIS/ais-transit-count-2020.tif,tif,geospatial,525.44,,,,skipped_large_525442534,
Datasets_AIS_ais_transit_count_2022_tif,Datasets/AIS/ais-transit-count-2022.tif,tif,geospatial,432.11,,,,skipped_large_432111004,
Datasets_AIS_ais_transit_count_2024_tif,Datasets/AIS/ais-transit-count-2024.tif,tif,geospatial,465.95,,,,skipped_large_465949438,
Datasets_AIS_ais_transit_count_2025_tif,Datasets/AIS/ais-transit-count-2025.tif,tif,geospatial,560.42,,,,skipped_large_560417801,
Datasets_AIS_stream_speeds_csv,Datasets/AIS_stream/speeds.csv,csv,tabular,0.0,0,6,,54db1ad62a0559b9f7ac8a6268f5395584ceba401f96568b615705a578a386d6,artifacts/schema_audit/Datasets_AIS_stream_speeds_csv.json
Datasets_AIS_stream_vessel_static_csv,Datasets/AIS_stream/vessel_static.csv,csv,tabular,0.0,0,7,,ac955135383d7af1865820b1bd2955bea9a8c94d5ae0a8ccc16f50a89bdf2a16,artifacts/schema_audit/Datasets_AIS_stream_vessel_static_csv.json
Datasets_ERA5_east_reanalysis_era5_single_levels_timeseries_sfc3crjv7dn_csv,Datasets/ERA5/east/reanalysis-era5-single-levels-timeseries-sfc3crjv7dn.csv,csv,tabular,5.3,59064,9,,b0cbeed41c3b632eca3ff7e26456f43363f1d20c9ba9b0d6a98e8c7661dcadac,artifacts/schema_audit/Datasets_ERA5_east_reanalysis_era5_single_levels_timeseries_sfc3crjv7dn_csv.json
Datasets_ERA5_east_reanalysis_era5_single_levels_timeseries_wavfqenlf_u_csv,Datasets/ERA5/east/reanalysis-era5-single-levels-timeseries-wavfqenlf_u.csv,csv,tabular,3.5,59064,6,,faec4de3a04650d7eda0fc0063960f434c36a38d992801f468db2a041396485a,artifacts/schema_audit/Datasets_ERA5_east_reanalysis_era5_single_levels_timeseries_wavfqenlf_u_csv.json
Datasets_ERA5_west_reanalysis_era5_single_levels_timeseries_sfcyvswh691_csv,Datasets/ERA5/west/reanalysis-era5-single-levels-timeseries-sfcyvswh691.csv,csv,tabular,5.31,59064,9,,92534155a34558ca73e34edfe1961ce6b3b54ccc93ff6048eefd232994b79311,artifacts/schema_audit/Datasets_ERA5_west_reanalysis_era5_single_levels_timeseries_sfcyvswh691_csv.json
Datasets_ERA5_west_reanalysis_era5_single_levels_timeseries_wavim6sd55c_csv,Datasets/ERA5/west/reanalysis-era5-single-levels-timeseries-wavim6sd55c.csv,csv,tabular,3.49,59064,6,,120c314aa71eb6ae22de932a8ad39b90116c5ed221f4b27a2311b8135e2a039e,artifacts/schema_audit/Datasets_ERA5_west_reanalysis_era5_single_levels_timeseries_wavim6sd55c_csv.json
Datasets_IMO_MEPC_76_6_1_2019_report_of_Fuel_Oil_Consumption_Data_submitted_to_t,Datasets/IMO/MEPC 76-6-1 - 2019 report of Fuel Oil Consumption Data submitted to the IMO Ship Fuel Oil Consumption Database in GISIS.pdf,pdf,document,0.93,,,,2844f979529cfc29cea92efd04468c0f41dba9a7a9a1a3f92f1da31729d3ddeb,
Datasets_IMO_MEPC_77_6_1_2020_report_of_fuel_oil_consumption_data_submitted_to_t,Datasets/IMO/MEPC 77-6-1 - 2020 report of fuel oil consumption data submitted to the IMO Ship Fuel Oil Consumption Database in GISIS.pdf,pdf,document,0.45,,,,a578323994ca7bc7a5e7b3e65fb0bf286ec7b871041aad021b745c43960b4165,
Datasets_IMO_MEPC_79_6_1_Report_of_fuel_oil_consumption_data_submitted_to_the_IM,Datasets/IMO/MEPC 79-6-1 - Report of fuel oil consumption data submitted to the IMO Ship Fuel Oil ConsumptionDatabase... (Secretariat).pdf,pdf,document,1.18,,,,e6b9d9a68612fb316190365eda17e97ddfefc9d14a59c6005438ef21358cf77c,
Datasets_IMO_MEPC_84_6_1_Report_of_fuel_oil_consumption_data_submitted_to_the_IM,Datasets/IMO/MEPC 84-6-1 - Report of fuel oil consumption data submitted to the IMO Ship Fuel Oil Consumption Databas... (Secretariat)[1].pdf,pdf,document,0.61,,,,2c18192b8e54b21075aa7a042503e2f02764db5c420d62e8db7e09a747b6d9ea,
Datasets_IMO_Reporting_year_2022_pdf,Datasets/IMO/Reporting year 2022.pdf,pdf,document,0.46,,,,7268f6fadacb241cf8d9c50781f82810bed102c83cdd5b0cde00c2d59e3fb854,
Datasets_IMO_Reporting_year_2023_pdf,Datasets/IMO/Reporting year 2023.pdf,pdf,document,0.59,,,,2572a1d6bb5552a646f4109fd62d745056671ee1d5d25efc3dbf09df16a7397d,
Datasets_IMO_extracted_MEPC_76_6_1_2019_report_of_Fuel_Oil_Co_txt,Datasets/IMO/extracted/MEPC_76_6_1_2019_report_of_Fuel_Oil_Co.txt,txt,document,0.04,,,,c77038c03061ea1a3c926c4252ba63e62decbfa4a72b634c9d70cd2446765c26,
Datasets_IMO_extracted_MEPC_77_6_1_2020_report_of_fuel_oil_co_txt,Datasets/IMO/extracted/MEPC_77_6_1_2020_report_of_fuel_oil_co.txt,txt,document,0.04,,,,8aac513c9ae432214abd69979f8cfcbcecbb36e98b36dcee9ae1180d13389171,
Datasets_IMO_extracted_MEPC_79_6_1_Report_of_fuel_oil_consump_txt,Datasets/IMO/extracted/MEPC_79_6_1_Report_of_fuel_oil_consump.txt,txt,document,0.04,,,,0fd2b4cdcfb10b05b15e1d321d70acd381f5135ef17321a2fa78c4fa67f50228,
Datasets_IMO_extracted_MEPC_84_6_1_Report_of_fuel_oil_consump_txt,Datasets/IMO/extracted/MEPC_84_6_1_Report_of_fuel_oil_consump.txt,txt,document,0.05,,,,228281ca9e87bf41f29027b7e521f04ff2e335901744dd093ca454b1c01f82a7,
Datasets_IMO_extracted_Reporting_year_2022_pdf_txt,Datasets/IMO/extracted/Reporting_year_2022_pdf.txt,txt,document,0.04,,,,5eb8ab71a5cc7cd6ef4cd75f48cbb97466a4f728e1d9544f7b7387960445af77,
Datasets_IMO_extracted_Reporting_year_2023_pdf_txt,Datasets/IMO/extracted/Reporting_year_2023_pdf.txt,txt,document,0.05,,,,cc698c746dd97c1a24feeec26b30bce0aab658bfc1ed13be99c82dd273c32768,
Datasets_IMO_extracted_summary_json,Datasets/IMO/extracted/_summary.json,json,config,0.0,,,,a88cb3490430fc4f5b4a4eb32ad7fbeb09b5e60453582917f410004097308352,
Datasets_MRV_2018_v275_29032026_EU_MRV_Publication_of_information_xlsx,Datasets/MRV/2018-v275-29032026-EU MRV Publication of information.xlsx,xlsx,tabular,3.92,,,2018,1af70149bf46b9cb51d8f2290f8715f376cff4a780aa88d954b1d52c746dd28c,artifacts/schema_audit/Datasets_MRV_2018_v275_29032026_EU_MRV_Publication_of_information_xlsx.json
Datasets_MRV_2019_v228_13082026_EU_MRV_Publication_of_information_xlsx,Datasets/MRV/2019-v228-13082026-EU MRV Publication of information.xlsx,xlsx,tabular,4.01,,,2019,c1d6e0acb281bfebc16d94f5af55dd3f0b646cf5785a42dfd41842cb63523f8b,artifacts/schema_audit/Datasets_MRV_2019_v228_13082026_EU_MRV_Publication_of_information_xlsx.json
Datasets_MRV_2020_v210_25092026_EU_MRV_Publication_of_information_xlsx,Datasets/MRV/2020-v210-25092026-EU MRV Publication of information.xlsx,xlsx,tabular,3.87,,,2020,43832b3de1c2924861a398705cfd3f47b629b71c270ab418275f60b6ca2dddf5,artifacts/schema_audit/Datasets_MRV_2020_v210_25092026_EU_MRV_Publication_of_information_xlsx.json
Datasets_MRV_2021_v219_25092026_EU_MRV_Publication_of_information_xlsx,Datasets/MRV/2021-v219-25092026-EU MRV Publication of information.xlsx,xlsx,tabular,4.0,,,2021,abd3c37c4b9f91f1950ec69193cca847ae4c4064fc87fcf896ca3dd7ca3a37a1,artifacts/schema_audit/Datasets_MRV_2021_v219_25092026_EU_MRV_Publication_of_information_xlsx.json
Datasets_MRV_2022_v241_06022026_EU_MRV_Publication_of_information_xlsx,Datasets/MRV/2022-v241-06022026-EU MRV Publication of information.xlsx,xlsx,tabular,4.34,,,2022,1438ad47b9219888afea2b6115073ca3afec1f10cbc0f7806ed93c5ef57b1d76,artifacts/schema_audit/Datasets_MRV_2022_v241_06022026_EU_MRV_Publication_of_information_xlsx.json
Datasets_MRV_2024_v246_01102026_EU_MRV_Publication_of_information_xlsx,Datasets/MRV/2024-v246-01102026-EU MRV Publication of information.xlsx,xlsx,tabular,9.47,,,2024 Full ERs;2024 Partial ERs,ff3dc8b9ef4b02f9bd12d63131e290eba7de1332044101842f3b2496cba899cf,artifacts/schema_audit/Datasets_MRV_2024_v246_01102026_EU_MRV_Publication_of_information_xlsx.json
Datasets_MRV_2025_v58_15092026_EU_MRV_Publication_of_information_xlsx,Datasets/MRV/2025-v58-15092026-EU MRV Publication of information.xlsx,xlsx,tabular,11.73,,,2025 Full ERs;2025 Partial ERs,36cd540407c78aec9bedcb8abae54841f103b5aef8d9f6d5888573cd092151da,artifacts/schema_audit/Datasets_MRV_2025_v58_15092026_EU_MRV_Publication_of_information_xlsx.json
Datasets_power_consumption_upload_LICENSE_md,Datasets/power_consumption_upload/LICENSE.md,md,document,0.0,,,,2c2511a5fbf2bdb2b608422cccdceeb297ac6addc3a9babe9ee2e35f8bce578d,
Datasets_power_consumption_upload_README_txt,Datasets/power_consumption_upload/README.txt,txt,document,0.0,,,,29aa7cad13c7be379fd7ab522a8dbec466d92b6004bdee1c99162bd72ef8dac4,
Datasets_power_consumption_upload_synthetic_data_dev_in_csv,Datasets/power_consumption_upload/synthetic_data/dev_in.csv,csv,tabular,3.76,18108,12,,7472d7e7b90f1e5792120b8987fc8a54672873846ec80b620201d597d147c5f8,artifacts/schema_audit/Datasets_power_consumption_upload_synthetic_data_dev_in_csv.json
Datasets_power_consumption_upload_synthetic_data_dev_out_csv,Datasets/power_consumption_upload/synthetic_data/dev_out.csv,csv,tabular,3.78,18108,12,,f3eea616d96332caf29a4cfa9161f0a03373a2addd14a1a450fc8747c280ab9b,artifacts/schema_audit/Datasets_power_consumption_upload_synthetic_data_dev_out_csv.json
Datasets_power_consumption_upload_synthetic_data_train_csv,Datasets/power_consumption_upload/synthetic_data/train.csv,csv,tabular,108.65,523190,12,,c445eb9560fab49716b900d8c2eef8bfe81454b8f26c8de704cba522da81ed7f,artifacts/schema_audit/Datasets_power_consumption_upload_synthetic_data_train_csv.json
Datasets_vessel_registry_gfw_particulars_csv,Datasets/vessel_registry/gfw_particulars.csv,csv,tabular,0.1,3750,6,,d67646a1a4a178b1900efcad7c243812771c04b6a39fd1cacdf6840f3ede89a9,artifacts/schema_audit/Datasets_vessel_registry_gfw_particulars_csv.json
results_metrics_optimization_benchmark_json,results/metrics/optimization_benchmark.json,json,config,0.01,,,,ceb6480e2493e147b73f71e3ebfdc8219a8b4d2c57868080ba7c06aa6bdbd28c,
results_metrics_prediction_benchmark_csv,results/metrics/prediction_benchmark.csv,csv,tabular,0.0,9,12,,8b3adef12baaeb8d1af35b32dbaac82307a9497a58f14a8de1c04321d39060a9,artifacts/schema_audit/results_metrics_prediction_benchmark_csv.json
results_metrics_prediction_benchmark_manifest_json,results/metrics/prediction_benchmark_manifest.json,json,config,0.0,,,,afa6ebb9fd1cd63f6dbe377959b71e78979de10310be54a50d5695d9203917c7,
results_metrics_prediction_scatter_json,results/metrics/prediction_scatter.json,json,config,0.01,,,,7b306e82c522e1e6eb1b40fe14ebf4e81091e33391a34b82a138ea06bf9b8469,
results_runs_OPT_18F33AB3_json,results/runs/OPT-18F33AB3.json,json,config,0.0,,,,ada544af78ebd0cbeb0866a1410ba2128925a0308b675f24f8864bd97b239682,
results_runs_OPT_556EAC91_json,results/runs/OPT-556EAC91.json,json,config,0.0,,,,f70da4168dd5450d370dfd08a9cd0df5084ff19465535306916db4412293b65a,
results_runs_OPT_680B8BBF_json,results/runs/OPT-680B8BBF.json,json,config,0.0,,,,b06acb39a9aa59f1c3bd694a723362eb6b697534c2121f0ecda0931d2fb58f17,
results_runs_OPT_8C1492D5_json,results/runs/OPT-8C1492D5.json,json,config,0.0,,,,792d65d7430b11d11931d2a996835b1f328f90018022d42156b63804f79737dc,
results_runs_OPT_C9420994_json,results/runs/OPT-C9420994.json,json,config,0.0,,,,16448a09e670b239244ee7db97ea86c8179d68eb47f8ecdd6f4ca5ec17c4b716,
models_fuel_intensity_xgb_joblib,models/fuel_intensity_xgb.joblib,joblib,model,0.69,,,,6273f3ff4ccb7ab9e79ea7acc22a2b1c9bd60bc429fac2252019e81ac75561b9,
models_metadata_json,models/metadata.json,json,config,0.0,,,,558d91ededfe40a6422be4eeb2b406923d77702c05a42c4f03a349719f276d42,
models_power_shifts_xgb_joblib,models/power_shifts_xgb.joblib,joblib,model,12.66,,,,66e9480067253efc9ccaf57c717ef3f1c161bdd8c8a3fb648506160f00189472,
